asin,sku,disponivel,idade_0_60,idade_61_90,idade_91_180,idade_181_330,idade_331_365,idade_mais_365,vendas_30d,curva_abc
B0H1P9YQX7,TAB_COR_M_2_FBA,9,5,0,4,0,0,0,0,
B0HBFCCN6Y,TOA_COLORE_1_FBA,5,5,0,0,0,0,0,0,
B0GXGP9CMF,PRATO_G_1_FBA,2,0,0,2,0,0,0,,
B0H1SZBJRR,PILAO_M_2_FBA,9,5,2,2,0,0,0,0,
B0HHJZ4PHZ,TOA_BAN_ROS_2_FBA,5,5,0,0,0,0,0,0,
B0H1P38Y8Y,TAB_COR_P_2_FBA,4,0,0,4,0,0,0,0,
B0H1PGND8W,KIT_TAB_COR_1_FBA,14,10,0,4,0,0,0,0,
B0GXXRDMS1,TOA_BAN_DOU_FBA,7,0,0,7,0,0,0,,
B0H2WY3HG8,PILAO_P_2_FBA,9,5,0,4,0,0,0,0,
B0GXGKJR1D,TAB_COR_P_FBA,20,20,0,0,0,0,0,,
B0H1N9FKZY,TAB_COR_G_2_FBA,7,5,0,4,0,0,0,1,C
B0GZCTP3V2,MEI-TERM-12_FBA,81,50,48,0,0,0,0,1,C
B0GXH1JX31,PRATO_P_1_FBA,20,20,0,0,0,0,0,,
B0GW9KS8PV,COLHER-MAD-26-1_FBA,76,0,93,0,0,0,0,,B
B0GXGWGTYT,MESA_DOB_FBA,42,0,42,0,0,0,0,,B
B0H1N71MTD,COLHER-MAD-38-5_FBA,47,47,0,0,0,0,0,1,B
B0GXGTRJWC,TAB_COR_M_FBA,35,5,31,0,0,0,0,,C
B0H1MXYGWT,COLHER-MAD-26-5_FBA,42,46,0,0,0,0,0,2,B
B0H1N3NWC6,COLHER-MAD-30-5_FBA,37,42,0,0,0,0,0,7,B
B0H1STZBPJ,PILAO_G_2_FBA,5,5,0,0,0,0,0,0,
B0GW1B2W11,ROL_MAS_M_FBA,74,75,0,0,0,0,0,,A
B0GXGPH3Z6,PRATO_M_1_FBA,10,10,0,0,0,0,0,,C
B0GXGYTZJB,TAB_COR_G_FBA,5,5,0,0,0,0,0,,
B0GV5M89QB,COLHER-MAD-38-1_FBA,70,88,0,0,0,0,0,,A
B0GXGZHMMN,PILAO_G_FBA,2,2,0,0,0,0,0,,C
B0GXGNPF5N,PILAO_P_FBA,6,6,0,0,0,0,0,,C
B0H1MWJ85Q,KIT_ROL_FBA,10,10,0,0,0,0,0,0,B
B0GW9K8BFW,COLHER-MAD-30-1_FBA,40,43,0,0,0,0,0,,A
B0GW16ZJ3Y,ROL_MAS_P_FBA,12,13,0,0,0,0,0,,A
B0GXGMPLTS,PILAO_M_FBA,0,0,0,0,0,0,0,,B
B0HHJZF6HR,TOA_RUBI_2_FBA,0,0,0,0,0,0,0,0,
